Workbook

Sheet Config
A1: Configurações — Triagem de Restituição de ITBI (Tema 1113/STJ)
A3: Alíquota padrão do ITBI no município | B3: 0.03
A4: Valor mínimo de indébito para caso viável (R$) | B4: 2000
A5: Honorários contratuais sobre o êxito (%) | B5: 0.3
A6: Data de referência (hoje) | B6: =TODAY() -> 46222
A8: Resumo da carteira
A9: Leads cadastrados | B9: =COUNTA(Triagem!A4:A103) -> 1
A10: Casos viáveis ("SIM") | B10: =COUNTIF(Triagem!N4:N103,"SIM") -> 1
A11: Indébito total estimado (casos viáveis) | B11: =SUMIF(Triagem!N4:N103,"SIM",Triagem!J4:J103) -> 4500
A12: Honorários potenciais (casos viáveis) | B12: =SUMIF(Triagem!N4:N103,"SIM",Triagem!O4:O103) -> 1350
A14: LEGENDA: preencha apenas as células com fundo amarelo e fonte azul. As demais contêm fórmulas — não edite.
A15: Prazo de repetição de indébito: 5 anos contados do pagamento (art. 168, I, CTN). Base: STJ, Tema Repetitivo 1.113 (REsp 1.937.821/SP).

Sheet Triagem
A1: Triagem de casos — ITBI pago a maior (base de cálculo acima do valor declarado)
A2: Preencha as colunas A–H e P (fonte azul). Colunas I–O são calculadas. A linha 4 é um exemplo — substitua pelos seus dados.
A3: Cliente / Lead | B3: Contato (WhatsApp / e-mail) | C3: Município | D3: Data do pagamento do ITBI | E3: Valor declarado da transação (R$) | F3: Base de cálculo cobrada (R$) | G3: Alíquota aplicada (%) | H3: ITBI efetivamente pago (R$) — opcional | I3: ITBI devido sobre o valor declarado (R$) | J3: Indébito estimado (R$) | K3: Prescreve em | L3: Dias até prescrever | M3: Situação da prescrição | N3: Viável? | O3: Honorários estimados (R$) | P3: Observações
A4: EXEMPLO — João da Silva (substituir) | B4: (11) 99999-0000 / joao@email.com | C4: São Paulo | D4: 45366 | E4: 400000 | F4: 550000 | G4: 0.03 | H4: 16500 | I4: =IF(OR(E4="",G4=""),"",E4*G4) -> 12000 | J4: =IF(OR(E4="",F4="",G4=""),"",MAX(0,IF(H4="",(F4-E4)*G4,H4-E4*G4))) -> 4500 | K4: =IF(D4="","",EDATE(D4,60)) -> 47192 | L4: =IF(K4="","",K4-Config!$B$6) -> 970 | M4: =IF(L4="","",IF(L4<0,"PRESCRITO",IF(L4<180,"URGENTE","OK"))) -> OK | N4: =IF(OR(D4="",J4=""),"",IF(M4="PRESCRITO","NÃO",IF(J4>=Config!$B$4,"SIM","AVALIAR"))) -> SIM | O4: =IF(N4="SIM",J4*Config!$B$5,"") -> 1350 | P4: Guia e escritura recebidas; caso do valor venal de referência.
I5: =IF(OR(E5="",G5=""),"",E5*G5) | J5: =IF(OR(E5="",F5="",G5=""),"",MAX(0,IF(H5="",(F5-E5)*G5,H5-E5*G5))) | K5: =IF(D5="","",EDATE(D5,60)) | L5: =IF(K5="","",K5-Config!$B$6) | M5: =IF(L5="","",IF(L5<0,"PRESCRITO",IF(L5<180,"URGENTE","OK"))) | N5: =IF(OR(D5="",J5=""),"",IF(M5="PRESCRITO","NÃO",IF(J5>=Config!$B$4,"SIM","AVALIAR"))) | O5: =IF(N5="SIM",J5*Config!$B$5,"")
I6: =IF(OR(E6="",G6=""),"",E6*G6) | J6: =IF(OR(E6="",F6="",G6=""),"",MAX(0,IF(H6="",(F6-E6)*G6,H6-E6*G6))) | K6: =IF(D6="","",EDATE(D6,60)) | L6: =IF(K6="","",K6-Config!$B$6) | M6: =IF(L6="","",IF(L6<0,"PRESCRITO",IF(L6<180,"URGENTE","OK"))) | N6: =IF(OR(D6="",J6=""),"",IF(M6="PRESCRITO","NÃO",IF(J6>=Config!$B$4,"SIM","AVALIAR"))) | O6: =IF(N6="SIM",J6*Config!$B$5,"")
I7: =IF(OR(E7="",G7=""),"",E7*G7) | J7: =IF(OR(E7="",F7="",G7=""),"",MAX(0,IF(H7="",(F7-E7)*G7,H7-E7*G7))) | K7: =IF(D7="","",EDATE(D7,60)) | L7: =IF(K7="","",K7-Config!$B$6) | M7: =IF(L7="","",IF(L7<0,"PRESCRITO",IF(L7<180,"URGENTE","OK"))) | N7: =IF(OR(D7="",J7=""),"",IF(M7="PRESCRITO","NÃO",IF(J7>=Config!$B$4,"SIM","AVALIAR"))) | O7: =IF(N7="SIM",J7*Config!$B$5,"")
I8: =IF(OR(E8="",G8=""),"",E8*G8) | J8: =IF(OR(E8="",F8="",G8=""),"",MAX(0,IF(H8="",(F8-E8)*G8,H8-E8*G8))) | K8: =IF(D8="","",EDATE(D8,60)) | L8: =IF(K8="","",K8-Config!$B$6) | M8: =IF(L8="","",IF(L8<0,"PRESCRITO",IF(L8<180,"URGENTE","OK"))) | N8: =IF(OR(D8="",J8=""),"",IF(M8="PRESCRITO","NÃO",IF(J8>=Config!$B$4,"SIM","AVALIAR"))) | O8: =IF(N8="SIM",J8*Config!$B$5,"")
I9: =IF(OR(E9="",G9=""),"",E9*G9) | J9: =IF(OR(E9="",F9="",G9=""),"",MAX(0,IF(H9="",(F9-E9)*G9,H9-E9*G9))) | K9: =IF(D9="","",EDATE(D9,60)) | L9: =IF(K9="","",K9-Config!$B$6) | M9: =IF(L9="","",IF(L9<0,"PRESCRITO",IF(L9<180,"URGENTE","OK"))) | N9: =IF(OR(D9="",J9=""),"",IF(M9="PRESCRITO","NÃO",IF(J9>=Config!$B$4,"SIM","AVALIAR"))) | O9: =IF(N9="SIM",J9*Config!$B$5,"")
I10: =IF(OR(E10="",G10=""),"",E10*G10) | J10: =IF(OR(E10="",F10="",G10=""),"",MAX(0,IF(H10="",(F10-E10)*G10,H10-E10*G10))) | K10: =IF(D10="","",EDATE(D10,60)) | L10: =IF(K10="","",K10-Config!$B$6) | M10: =IF(L10="","",IF(L10<0,"PRESCRITO",IF(L10<180,"URGENTE","OK"))) | N10: =IF(OR(D10="",J10=""),"",IF(M10="PRESCRITO","NÃO",IF(J10>=Config!$B$4,"SIM","AVALIAR"))) | O10: =IF(N10="SIM",J10*Config!$B$5,"")
I11: =IF(OR(E11="",G11=""),"",E11*G11) | J11: =IF(OR(E11="",F11="",G11=""),"",MAX(0,IF(H11="",(F11-E11)*G11,H11-E11*G11))) | K11: =IF(D11="","",EDATE(D11,60)) | L11: =IF(K11="","",K11-Config!$B$6) | M11: =IF(L11="","",IF(L11<0,"PRESCRITO",IF(L11<180,"URGENTE","OK"))) | N11: =IF(OR(D11="",J11=""),"",IF(M11="PRESCRITO","NÃO",IF(J11>=Config!$B$4,"SIM","AVALIAR"))) | O11: =IF(N11="SIM",J11*Config!$B$5,"")
I12: =IF(OR(E12="",G12=""),"",E12*G12) | J12: =IF(OR(E12="",F12="",G12=""),"",MAX(0,IF(H12="",(F12-E12)*G12,H12-E12*G12))) | K12: =IF(D12="","",EDATE(D12,60)) | L12: =IF(K12="","",K12-Config!$B$6) | M12: =IF(L12="","",IF(L12<0,"PRESCRITO",IF(L12<180,"URGENTE","OK"))) | N12: =IF(OR(D12="",J12=""),"",IF(M12="PRESCRITO","NÃO",IF(J12>=Config!$B$4,"SIM","AVALIAR"))) | O12: =IF(N12="SIM",J12*Config!$B$5,"")
I13: =IF(OR(E13="",G13=""),"",E13*G13) | J13: =IF(OR(E13="",F13="",G13=""),"",MAX(0,IF(H13="",(F13-E13)*G13,H13-E13*G13))) | K13: =IF(D13="","",EDATE(D13,60)) | L13: =IF(K13="","",K13-Config!$B$6) | M13: =IF(L13="","",IF(L13<0,"PRESCRITO",IF(L13<180,"URGENTE","OK"))) | N13: =IF(OR(D13="",J13=""),"",IF(M13="PRESCRITO","NÃO",IF(J13>=Config!$B$4,"SIM","AVALIAR"))) | O13: =IF(N13="SIM",J13*Config!$B$5,"")
I14: =IF(OR(E14="",G14=""),"",E14*G14) | J14: =IF(OR(E14="",F14="",G14=""),"",MAX(0,IF(H14="",(F14-E14)*G14,H14-E14*G14))) | K14: =IF(D14="","",EDATE(D14,60)) | L14: =IF(K14="","",K14-Config!$B$6) | M14: =IF(L14="","",IF(L14<0,"PRESCRITO",IF(L14<180,"URGENTE","OK"))) | N14: =IF(OR(D14="",J14=""),"",IF(M14="PRESCRITO","NÃO",IF(J14>=Config!$B$4,"SIM","AVALIAR"))) | O14: =IF(N14="SIM",J14*Config!$B$5,"")
I15: =IF(OR(E15="",G15=""),"",E15*G15) | J15: =IF(OR(E15="",F15="",G15=""),"",MAX(0,IF(H15="",(F15-E15)*G15,H15-E15*G15))) | K15: =IF(D15="","",EDATE(D15,60)) | L15: =IF(K15="","",K15-Config!$B$6) | M15: =IF(L15="","",IF(L15<0,"PRESCRITO",IF(L15<180,"URGENTE","OK"))) | N15: =IF(OR(D15="",J15=""),"",IF(M15="PRESCRITO","NÃO",IF(J15>=Config!$B$4,"SIM","AVALIAR"))) | O15: =IF(N15="SIM",J15*Config!$B$5,"")
I16: =IF(OR(E16="",G16=""),"",E16*G16) | J16: =IF(OR(E16="",F16="",G16=""),"",MAX(0,IF(H16="",(F16-E16)*G16,H16-E16*G16))) | K16: =IF(D16="","",EDATE(D16,60)) | L16: =IF(K16="","",K16-Config!$B$6) | M16: =IF(L16="","",IF(L16<0,"PRESCRITO",IF(L16<180,"URGENTE","OK"))) | N16: =IF(OR(D16="",J16=""),"",IF(M16="PRESCRITO","NÃO",IF(J16>=Config!$B$4,"SIM","AVALIAR"))) | O16: =IF(N16="SIM",J16*Config!$B$5,"")
... I103: =IF(OR(E103="",G103=""),"",E103*G103) | J103: =IF(OR(E103="",F103="",G103=""),"",MAX(0,IF(H103="",(F103-E103)*G103,H103-E103*G103))) | K103: =IF(D103="","",EDATE(D103,60)) | L103: =IF(K103="","",K103-Config!$B$6) | M103: =IF(L103="","",IF(L103<0,"PRESCRITO",IF(L103<180,"URGENTE","OK"))) | N103: =IF(OR(D103="",J103=""),"",IF(M103="PRESCRITO","NÃO",IF(J103>=Config!$B$4,"SIM","AVALIAR"))) | O103: =IF(N103="SIM",J103*Config!$B$5,"")
