Workbook

Sheet LEIA-ME
A1: CARTEIRA BANCÁRIA RJ — Planilha de triagem e gestão de ações
A2: Companheira do Analisador de Teses (analisador-teses-rj.html). Data-base: julho/2026.
A4: COMO USAR NO GOOGLE SHEETS (recomendado):
A5: 1. No Google Drive: Novo > Upload de arquivo > selecione este .xlsx.
A6: 2. Abra o arquivo e clique em Arquivo > Salvar como Planilha Google.
A7: 3. A aba 'Taxas BACEN' passa a atualizar sozinha (IMPORTDATA) — no Excel ela não funciona.
A9: FLUXO DE TRABALHO:
A10: 1. Cadastre o cliente na aba CLIENTES (checklists de gratuidade e blindagem embutidos).
A11: 2. Rode a análise da tese no Analisador (HTML) — se VIÁVEL, lance uma linha na aba CARTEIRA.
A12: 3. A CARTEIRA calcula sozinha: parcelas simples (até 03/2021) × em dobro (após), compensação,
A13: proveito líquido, honorários contratuais e sucumbência (só vara cível). Prescrição decenal:
A14: a coluna AVISO acende se o 1º desconto tiver mais de 10 anos.
... A30: Este arquivo é ferramenta de apoio; a decisão de ajuizar é ato privativo do advogado responsável.

Sheet Listas
A1: T1 Consignado fraudado | B1: Vara Cível | C1: Triagem | D1: 0 | E1: SIM
A2: T2 Prestamista | B2: JEC | C2: Docs pendentes | D2: 4000 | E2: NÃO
A3: T3 RMC/RCC nulidade | C3: Req. administrativo | D3: 5000
A4: T4 Conversão RMC/RCC | C4: Pronta p/ ajuizar | D4: 8000
A5: T5 Juros pessoais | C5: Ajuizada | D5: 10000
A6: T6 Financ. veículo | C6: Liminar deferida | D6: 15000
A7: T7 Descontos em conta | C7: Contestada
C8: Sentença procedente
C9: Sentença improcedente
C10: Recurso
C11: Acordo
C12: Cumprimento
C13: Encerrada — recebida
C14: Arquivada/Inviável

Sheet Clientes
A1: Cliente | B1: CPF | C1: NB (benefício) | D1: Telefone/WhatsApp | E1: Comarca | F1: Origem (indicação/palestra/digital) | G1: HISCRE obtido? | H1: Extrato pagamento obtido? | I1: Extrato conta obtido? | J1: SUSEP/SAFE consultado? | K1: Procuração específica? | L1: Termo de ciência? | M1: Req. administrativo? | N1: Dossiê gratuidade completo? | O1: Teses identificadas | P1: Observações
A2: (exemplo) Maria da Silva | E2: Duque de Caxias | O2: T3, T2, T7

Sheet Carteira
A1: Cliente | B1: Tese | C1: Banco réu | D1: Nº contrato | E1: Foro | F1: Parcela mensal (R$) | G1: 1º desconto | H1: Último desconto | I1: Meses simples (até 03/21) | J1: Meses dobro (após 03/21) | K1: Restituição simples (R$) | L1: Restituição dobro (R$) | M1: Compensação — creditado (R$) | N1: Dano moral (R$) | O1: PROVEITO LÍQUIDO (R$) | P1: % honor. contratual | Q1: Honor. contratuais (R$) | R1: Sucumbência 15% (vara) (R$) | S1: HONORÁRIOS TOTAIS (R$) | T1: AVISO prescrição | U1: Status | V1: Nº processo (CNJ) | W1: Próximo prazo | X1: Observações
A2: (exemplo) Maria da Silva | B2: T3 RMC/RCC nulidade | C2: BMG | D2: 41070364 | E2: Vara Cível | F2: 81.05 | G2: 42767 | H2: 46174 | I2: =IF(OR(G2="",H2=""),"",IF(G2>DATE(2021,3,31),0,DATEDIF(G2,MIN(H2,DATE(2021,3,31)),"m")+1)) | J2: =IF(OR(G2="",H2=""),"",IF(H2<DATE(2021,4,1),0,DATEDIF(MAX(G2,DATE(2021,4,1)),H2,"m")+1)) | K2: =IF(I2="","",I2*F2) | L2: =IF(J2="","",J2*F2*2) | M2: 1100 | N2: 5000 | O2: =IF(K2="","",MAX(0,K2+L2-N(M2))+N(N2)) | P2: =IF(A2="","",0.3) | Q2: =IF(O2="","",O2*P2) | R2: =IF(O2="","",IF(E2="Vara Cível",O2*0.15,0)) | S2: =IF(O2="","",Q2+R2) | T2: =IF(G2="","",IF(G2<EDATE(TODAY(),-120),"⚠ mais de 10 anos — cortar janela","")) | U2: Triagem
I3: =IF(OR(G3="",H3=""),"",IF(G3>DATE(2021,3,31),0,DATEDIF(G3,MIN(H3,DATE(2021,3,31)),"m")+1)) | J3: =IF(OR(G3="",H3=""),"",IF(H3<DATE(2021,4,1),0,DATEDIF(MAX(G3,DATE(2021,4,1)),H3,"m")+1)) | K3: =IF(I3="","",I3*F3) | L3: =IF(J3="","",J3*F3*2) | O3: =IF(K3="","",MAX(0,K3+L3-N(M3))+N(N3)) | P3: =IF(A3="","",0.3) | Q3: =IF(O3="","",O3*P3) | R3: =IF(O3="","",IF(E3="Vara Cível",O3*0.15,0)) | S3: =IF(O3="","",Q3+R3) | T3: =IF(G3="","",IF(G3<EDATE(TODAY(),-120),"⚠ mais de 10 anos — cortar janela",""))
I4: =IF(OR(G4="",H4=""),"",IF(G4>DATE(2021,3,31),0,DATEDIF(G4,MIN(H4,DATE(2021,3,31)),"m")+1)) | J4: =IF(OR(G4="",H4=""),"",IF(H4<DATE(2021,4,1),0,DATEDIF(MAX(G4,DATE(2021,4,1)),H4,"m")+1)) | K4: =IF(I4="","",I4*F4) | L4: =IF(J4="","",J4*F4*2) | O4: =IF(K4="","",MAX(0,K4+L4-N(M4))+N(N4)) | P4: =IF(A4="","",0.3) | Q4: =IF(O4="","",O4*P4) | R4: =IF(O4="","",IF(E4="Vara Cível",O4*0.15,0)) | S4: =IF(O4="","",Q4+R4) | T4: =IF(G4="","",IF(G4<EDATE(TODAY(),-120),"⚠ mais de 10 anos — cortar janela",""))
I5: =IF(OR(G5="",H5=""),"",IF(G5>DATE(2021,3,31),0,DATEDIF(G5,MIN(H5,DATE(2021,3,31)),"m")+1)) | J5: =IF(OR(G5="",H5=""),"",IF(H5<DATE(2021,4,1),0,DATEDIF(MAX(G5,DATE(2021,4,1)),H5,"m")+1)) | K5: =IF(I5="","",I5*F5) | L5: =IF(J5="","",J5*F5*2) | O5: =IF(K5="","",MAX(0,K5+L5-N(M5))+N(N5)) | P5: =IF(A5="","",0.3) | Q5: =IF(O5="","",O5*P5) | R5: =IF(O5="","",IF(E5="Vara Cível",O5*0.15,0)) | S5: =IF(O5="","",Q5+R5) | T5: =IF(G5="","",IF(G5<EDATE(TODAY(),-120),"⚠ mais de 10 anos — cortar janela",""))
I6: =IF(OR(G6="",H6=""),"",IF(G6>DATE(2021,3,31),0,DATEDIF(G6,MIN(H6,DATE(2021,3,31)),"m")+1)) | J6: =IF(OR(G6="",H6=""),"",IF(H6<DATE(2021,4,1),0,DATEDIF(MAX(G6,DATE(2021,4,1)),H6,"m")+1)) | K6: =IF(I6="","",I6*F6) | L6: =IF(J6="","",J6*F6*2) | O6: =IF(K6="","",MAX(0,K6+L6-N(M6))+N(N6)) | P6: =IF(A6="","",0.3) | Q6: =IF(O6="","",O6*P6) | R6: =IF(O6="","",IF(E6="Vara Cível",O6*0.15,0)) | S6: =IF(O6="","",Q6+R6) | T6: =IF(G6="","",IF(G6<EDATE(TODAY(),-120),"⚠ mais de 10 anos — cortar janela",""))
I7: =IF(OR(G7="",H7=""),"",IF(G7>DATE(2021,3,31),0,DATEDIF(G7,MIN(H7,DATE(2021,3,31)),"m")+1)) | J7: =IF(OR(G7="",H7=""),"",IF(H7<DATE(2021,4,1),0,DATEDIF(MAX(G7,DATE(2021,4,1)),H7,"m")+1)) | K7: =IF(I7="","",I7*F7) | L7: =IF(J7="","",J7*F7*2) | O7: =IF(K7="","",MAX(0,K7+L7-N(M7))+N(N7)) | P7: =IF(A7="","",0.3) | Q7: =IF(O7="","",O7*P7) | R7: =IF(O7="","",IF(E7="Vara Cível",O7*0.15,0)) | S7: =IF(O7="","",Q7+R7) | T7: =IF(G7="","",IF(G7<EDATE(TODAY(),-120),"⚠ mais de 10 anos — cortar janela",""))
I8: =IF(OR(G8="",H8=""),"",IF(G8>DATE(2021,3,31),0,DATEDIF(G8,MIN(H8,DATE(2021,3,31)),"m")+1)) | J8: =IF(OR(G8="",H8=""),"",IF(H8<DATE(2021,4,1),0,DATEDIF(MAX(G8,DATE(2021,4,1)),H8,"m")+1)) | K8: =IF(I8="","",I8*F8) | L8: =IF(J8="","",J8*F8*2) | O8: =IF(K8="","",MAX(0,K8+L8-N(M8))+N(N8)) | P8: =IF(A8="","",0.3) | Q8: =IF(O8="","",O8*P8) | R8: =IF(O8="","",IF(E8="Vara Cível",O8*0.15,0)) | S8: =IF(O8="","",Q8+R8) | T8: =IF(G8="","",IF(G8<EDATE(TODAY(),-120),"⚠ mais de 10 anos — cortar janela",""))
I9: =IF(OR(G9="",H9=""),"",IF(G9>DATE(2021,3,31),0,DATEDIF(G9,MIN(H9,DATE(2021,3,31)),"m")+1)) | J9: =IF(OR(G9="",H9=""),"",IF(H9<DATE(2021,4,1),0,DATEDIF(MAX(G9,DATE(2021,4,1)),H9,"m")+1)) | K9: =IF(I9="","",I9*F9) | L9: =IF(J9="","",J9*F9*2) | O9: =IF(K9="","",MAX(0,K9+L9-N(M9))+N(N9)) | P9: =IF(A9="","",0.3) | Q9: =IF(O9="","",O9*P9) | R9: =IF(O9="","",IF(E9="Vara Cível",O9*0.15,0)) | S9: =IF(O9="","",Q9+R9) | T9: =IF(G9="","",IF(G9<EDATE(TODAY(),-120),"⚠ mais de 10 anos — cortar janela",""))
I10: =IF(OR(G10="",H10=""),"",IF(G10>DATE(2021,3,31),0,DATEDIF(G10,MIN(H10,DATE(2021,3,31)),"m")+1)) | J10: =IF(OR(G10="",H10=""),"",IF(H10<DATE(2021,4,1),0,DATEDIF(MAX(G10,DATE(2021,4,1)),H10,"m")+1)) | K10: =IF(I10="","",I10*F10) | L10: =IF(J10="","",J10*F10*2) | O10: =IF(K10="","",MAX(0,K10+L10-N(M10))+N(N10)) | P10: =IF(A10="","",0.3) | Q10: =IF(O10="","",O10*P10) | R10: =IF(O10="","",IF(E10="Vara Cível",O10*0.15,0)) | S10: =IF(O10="","",Q10+R10) | T10: =IF(G10="","",IF(G10<EDATE(TODAY(),-120),"⚠ mais de 10 anos — cortar janela",""))
I11: =IF(OR(G11="",H11=""),"",IF(G11>DATE(2021,3,31),0,DATEDIF(G11,MIN(H11,DATE(2021,3,31)),"m")+1)) | J11: =IF(OR(G11="",H11=""),"",IF(H11<DATE(2021,4,1),0,DATEDIF(MAX(G11,DATE(2021,4,1)),H11,"m")+1)) | K11: =IF(I11="","",I11*F11) | L11: =IF(J11="","",J11*F11*2) | O11: =IF(K11="","",MAX(0,K11+L11-N(M11))+N(N11)) | P11: =IF(A11="","",0.3) | Q11: =IF(O11="","",O11*P11) | R11: =IF(O11="","",IF(E11="Vara Cível",O11*0.15,0)) | S11: =IF(O11="","",Q11+R11) | T11: =IF(G11="","",IF(G11<EDATE(TODAY(),-120),"⚠ mais de 10 anos — cortar janela",""))
I12: =IF(OR(G12="",H12=""),"",IF(G12>DATE(2021,3,31),0,DATEDIF(G12,MIN(H12,DATE(2021,3,31)),"m")+1)) | J12: =IF(OR(G12="",H12=""),"",IF(H12<DATE(2021,4,1),0,DATEDIF(MAX(G12,DATE(2021,4,1)),H12,"m")+1)) | K12: =IF(I12="","",I12*F12) | L12: =IF(J12="","",J12*F12*2) | O12: =IF(K12="","",MAX(0,K12+L12-N(M12))+N(N12)) | P12: =IF(A12="","",0.3) | Q12: =IF(O12="","",O12*P12) | R12: =IF(O12="","",IF(E12="Vara Cível",O12*0.15,0)) | S12: =IF(O12="","",Q12+R12) | T12: =IF(G12="","",IF(G12<EDATE(TODAY(),-120),"⚠ mais de 10 anos — cortar janela",""))
I13: =IF(OR(G13="",H13=""),"",IF(G13>DATE(2021,3,31),0,DATEDIF(G13,MIN(H13,DATE(2021,3,31)),"m")+1)) | J13: =IF(OR(G13="",H13=""),"",IF(H13<DATE(2021,4,1),0,DATEDIF(MAX(G13,DATE(2021,4,1)),H13,"m")+1)) | K13: =IF(I13="","",I13*F13) | L13: =IF(J13="","",J13*F13*2) | O13: =IF(K13="","",MAX(0,K13+L13-N(M13))+N(N13)) | P13: =IF(A13="","",0.3) | Q13: =IF(O13="","",O13*P13) | R13: =IF(O13="","",IF(E13="Vara Cível",O13*0.15,0)) | S13: =IF(O13="","",Q13+R13) | T13: =IF(G13="","",IF(G13<EDATE(TODAY(),-120),"⚠ mais de 10 anos — cortar janela",""))
I14: =IF(OR(G14="",H14=""),"",IF(G14>DATE(2021,3,31),0,DATEDIF(G14,MIN(H14,DATE(2021,3,31)),"m")+1)) | J14: =IF(OR(G14="",H14=""),"",IF(H14<DATE(2021,4,1),0,DATEDIF(MAX(G14,DATE(2021,4,1)),H14,"m")+1)) | K14: =IF(I14="","",I14*F14) | L14: =IF(J14="","",J14*F14*2) | O14: =IF(K14="","",MAX(0,K14+L14-N(M14))+N(N14)) | P14: =IF(A14="","",0.3) | Q14: =IF(O14="","",O14*P14) | R14: =IF(O14="","",IF(E14="Vara Cível",O14*0.15,0)) | S14: =IF(O14="","",Q14+R14) | T14: =IF(G14="","",IF(G14<EDATE(TODAY(),-120),"⚠ mais de 10 anos — cortar janela",""))
... I302: =IF(OR(G302="",H302=""),"",IF(G302>DATE(2021,3,31),0,DATEDIF(G302,MIN(H302,DATE(2021,3,31)),"m")+1)) | J302: =IF(OR(G302="",H302=""),"",IF(H302<DATE(2021,4,1),0,DATEDIF(MAX(G302,DATE(2021,4,1)),H302,"m")+1)) | K302: =IF(I302="","",I302*F302) | L302: =IF(J302="","",J302*F302*2) | O302: =IF(K302="","",MAX(0,K302+L302-N(M302))+N(N302)) | P302: =IF(A302="","",0.3) | Q302: =IF(O302="","",O302*P302) | R302: =IF(O302="","",IF(E302="Vara Cível",O302*0.15,0)) | S302: =IF(O302="","",Q302+R302) | T302: =IF(G302="","",IF(G302<EDATE(TODAY(),-120),"⚠ mais de 10 anos — cortar janela",""))

Sheet Painel
A1: PAINEL DA OPERAÇÃO
A3: Por status
A4: Status | B4: Ações | C4: Proveito líquido (R$) | D4: Honorários proj. (R$)
A5: Triagem | B5: =COUNTIF(Carteira!U:U,A5) | C5: =SUMIF(Carteira!U:U,A5,Carteira!O:O) | D5: =SUMIF(Carteira!U:U,A5,Carteira!S:S)
A6: Docs pendentes | B6: =COUNTIF(Carteira!U:U,A6) | C6: =SUMIF(Carteira!U:U,A6,Carteira!O:O) | D6: =SUMIF(Carteira!U:U,A6,Carteira!S:S)
A7: Req. administrativo | B7: =COUNTIF(Carteira!U:U,A7) | C7: =SUMIF(Carteira!U:U,A7,Carteira!O:O) | D7: =SUMIF(Carteira!U:U,A7,Carteira!S:S)
A8: Pronta p/ ajuizar | B8: =COUNTIF(Carteira!U:U,A8) | C8: =SUMIF(Carteira!U:U,A8,Carteira!O:O) | D8: =SUMIF(Carteira!U:U,A8,Carteira!S:S)
A9: Ajuizada | B9: =COUNTIF(Carteira!U:U,A9) | C9: =SUMIF(Carteira!U:U,A9,Carteira!O:O) | D9: =SUMIF(Carteira!U:U,A9,Carteira!S:S)
A10: Liminar deferida | B10: =COUNTIF(Carteira!U:U,A10) | C10: =SUMIF(Carteira!U:U,A10,Carteira!O:O) | D10: =SUMIF(Carteira!U:U,A10,Carteira!S:S)
A11: Contestada | B11: =COUNTIF(Carteira!U:U,A11) | C11: =SUMIF(Carteira!U:U,A11,Carteira!O:O) | D11: =SUMIF(Carteira!U:U,A11,Carteira!S:S)
A12: Sentença procedente | B12: =COUNTIF(Carteira!U:U,A12) | C12: =SUMIF(Carteira!U:U,A12,Carteira!O:O) | D12: =SUMIF(Carteira!U:U,A12,Carteira!S:S)
A13: Sentença improcedente | B13: =COUNTIF(Carteira!U:U,A13) | C13: =SUMIF(Carteira!U:U,A13,Carteira!O:O) | D13: =SUMIF(Carteira!U:U,A13,Carteira!S:S)
A14: Recurso | B14: =COUNTIF(Carteira!U:U,A14) | C14: =SUMIF(Carteira!U:U,A14,Carteira!O:O) | D14: =SUMIF(Carteira!U:U,A14,Carteira!S:S)
A15: Acordo | B15: =COUNTIF(Carteira!U:U,A15) | C15: =SUMIF(Carteira!U:U,A15,Carteira!O:O) | D15: =SUMIF(Carteira!U:U,A15,Carteira!S:S)
A16: Cumprimento | B16: =COUNTIF(Carteira!U:U,A16) | C16: =SUMIF(Carteira!U:U,A16,Carteira!O:O) | D16: =SUMIF(Carteira!U:U,A16,Carteira!S:S)
... A18: Arquivada/Inviável | B18: =COUNTIF(Carteira!U:U,A18) | C18: =SUMIF(Carteira!U:U,A18,Carteira!O:O) | D18: =SUMIF(Carteira!U:U,A18,Carteira!S:S)
A21: Por tese
A22: Tese | B22: Ações | C22: Proveito (R$) | D22: Honorários (R$)
A23: T1 Consignado fraudado | B23: =COUNTIF(Carteira!B:B,A23) | C23: =SUMIF(Carteira!B:B,A23,Carteira!O:O) | D23: =SUMIF(Carteira!B:B,A23,Carteira!S:S)
A24: T2 Prestamista | B24: =COUNTIF(Carteira!B:B,A24) | C24: =SUMIF(Carteira!B:B,A24,Carteira!O:O) | D24: =SUMIF(Carteira!B:B,A24,Carteira!S:S)
A25: T3 RMC/RCC nulidade | B25: =COUNTIF(Carteira!B:B,A25) | C25: =SUMIF(Carteira!B:B,A25,Carteira!O:O) | D25: =SUMIF(Carteira!B:B,A25,Carteira!S:S)
A26: T4 Conversão RMC/RCC | B26: =COUNTIF(Carteira!B:B,A26) | C26: =SUMIF(Carteira!B:B,A26,Carteira!O:O) | D26: =SUMIF(Carteira!B:B,A26,Carteira!S:S)
A27: T5 Juros pessoais | B27: =COUNTIF(Carteira!B:B,A27) | C27: =SUMIF(Carteira!B:B,A27,Carteira!O:O) | D27: =SUMIF(Carteira!B:B,A27,Carteira!S:S)
A28: T6 Financ. veículo | B28: =COUNTIF(Carteira!B:B,A28) | C28: =SUMIF(Carteira!B:B,A28,Carteira!O:O) | D28: =SUMIF(Carteira!B:B,A28,Carteira!S:S)
A29: T7 Descontos em conta | B29: =COUNTIF(Carteira!B:B,A29) | C29: =SUMIF(Carteira!B:B,A29,Carteira!O:O) | D29: =SUMIF(Carteira!B:B,A29,Carteira!S:S)
A31: TOTAL GERAL | B31: =SUMPRODUCT(--(Carteira!A2:A302<>"")) | C31: =SUM(Carteira!O2:O302) | D31: =SUM(Carteira!S2:S302)

Sheet Taxas BACEN
A1: TAXAS MÉDIAS BACEN (API SGS — funciona no Google Sheets)
A2: Preencha o código da série da modalidade (valide em bcb.gov.br/estatisticas/txjuros) e a fórmula IMPORTDATA busca o último valor. Compare: taxa do contrato > 1,5 × média = abusiva (REsp 1.061.530/RS). Se aparecer erro no Excel, ignore — use após converter em Planilha Google.
A4: Modalidade (edite) | B4: Série SGS | C4: Último valor divulgado
A5: Crédito pessoal não consignado — PF (% a.m.) [CONFIRA a série] | C5: =IF(B5="","← informe a série",IFERROR(INDEX(IMPORTDATA("https://api.bcb.gov.br/dados/serie/bcdata.sgs."&B5&"/dados/ultimos/1?formato=csv"),2,2),"série inválida ou sem acesso"))
A6: Aquisição de veículos — PF (% a.m.) [CONFIRA a série] | C6: =IF(B6="","← informe a série",IFERROR(INDEX(IMPORTDATA("https://api.bcb.gov.br/dados/serie/bcdata.sgs."&B6&"/dados/ultimos/1?formato=csv"),2,2),"série inválida ou sem acesso"))
A7: Consignado INSS — PF (% a.m.) [CONFIRA a série] | C7: =IF(B7="","← informe a série",IFERROR(INDEX(IMPORTDATA("https://api.bcb.gov.br/dados/serie/bcdata.sgs."&B7&"/dados/ultimos/1?formato=csv"),2,2),"série inválida ou sem acesso"))
A9: Série histórica (mês da contratação): use no navegador —
A10: https://api.bcb.gov.br/dados/serie/bcdata.sgs.CODIGO/dados?formato=json&dataInicial=01/MM/AAAA&dataFinal=28/MM/AAAA
